[
  {
    "action": "quick_edit",
    "fields": [
      "firstName",
      "lastName",
      "mobile",
      "dob",
      "email"
    ]
  },
  {
    "action": "manage_basic_info",
    "fields": [
      "firstName",
      "lastName",
      "mobile",
      "dob",
      "email",
      "gender"
    ]
  },
  {
    "action": "manage_address_info",
    "fields": [
      "zipcode",
      "land",
      "houseNumber",
      "city",
      "state",
      "country"
    ]
  },
  {
    "action": "manage_gallery_info",
    "fields": [
      "photos"
    ]
  },
  {
    "action": "manage_login_info",
    "fields": [
      "username",
      "change_password"
    ]
  }
]