[
  {
    "id": "1",
    "firstName": "Biswajit",
    "lastName": "Manna",
    "email": "biswajit.manna8@gmail.com",
    "mobile": "9836252196",
    "dob": "1989-11-06",
    "gender": "M"
  },
  {
    "id": "2",
    "firstName": "Ashutosh",
    "lastName": "Kumar",
    "email": "ashutosh.kumar@gmail.com",
    "mobile": "9836251234",
    "dob": "1992-12-16",
    "gender": "M"
  },
  {
    "id": "3",
    "firstName": "Biswajit",
    "lastName": "Dutta",
    "email": "biswajit.dutta@gmail.com",
    "mobile": "9836123496",
    "dob": "1988-10-26",
    "gender": "M"
  },
  {
    "id": "4",
    "firstName": "Sayan",
    "lastName": "Kundu",
    "email": "sayan.kundu@gmail.com",
    "mobile": "9832345196",
    "dob": "1993-05-06",
    "gender": "M"
  }
]